Series Name,Series Code,Country Name,Country Code,1990 [YR1990],1991 [YR1991],1992 [YR1992],1993 [YR1993],1994 [YR1994],1995 [YR1995],1996 [YR1996],1997 [YR1997],1998 [YR1998],1999 [YR1999],2000 [YR2000],2001 [YR2001],2002 [YR2002],2003 [YR2003],2004 [YR2004],2005 [YR2005],2006 [YR2006],2007 [YR2007],2008 [YR2008],2009 [YR2009],2010 [YR2010],2011 [YR2011],2012 [YR2012],2013 [YR2013],2014 [YR2014],2015 [YR2015],2016 [YR2016],2017 [YR2017]
Refugee population by country or territory of origin,SM.POP.REFG.OR,Afghanistan,AFG,6339095,6306301,4552153,3374576,2731169,2679133,2674236,2676674,2667115,2601691,3587336,3809767,2510294,2136043,2414401,2166149,2107519,3057661,2833128,2887123,3054709,2664436,2586152,2556502,2596270,2666305,2501410,..
Refugee population by country or territory of origin,SM.POP.REFG.OR,Albania,ALB,1822,3540,4353,4744,5019,5803,5785,5379,5353,6288,6802,7626,10761,10385,10470,12722,14080,15340,15006,15711,14772,13551,12568,10103,10158,10408,11050,..
Refugee population by country or territory of origin,SM.POP.REFG.OR,Algeria,DZA,19,55,71,86,20743,1520,2247,3418,5727,7151,8034,8418,12107,11667,10691,12041,8353,10615,9060,8185,6689,6121,5677,3660,3524,3490,3675,..
Refugee population by country or territory of origin,SM.POP.REFG.OR,American Samoa,ASM,..,..,..,..,..,..,..,..,..,..,..,..,..,..,..,..,..,..,..,..,..,..,..,..,..,..,..,..
Refugee population by country or territory of origin,SM.POP.REFG.OR,Andorra,AND,..,..,..,..,2,2,3,1,2,3,2,1,10,10,3,9,10,9,6,6,6,6,7,5,7,5,..,..
Refugee population by country or territory of origin,SM.POP.REFG.OR,Angola,AGO,407760,381636,300492,323831,282577,246657,249687,267696,319430,353478,433760,470625,435421,329583,228838,215827,206501,186155,171393,141021,134858,128664,19258,10286,9484,11869,8363,..
Refugee population by country or territory of origin,SM.POP.REFG.OR,Antigua and Barbuda,ATG,..,..,..,..,..,..,..,1,2,2,1,4,5,5,13,13,19,25,26,28,30,32,45,49,53,56,77,..
Refugee population by country or territory of origin,SM.POP.REFG.OR,Argentina,ARG,334,198,113,98,469,330,217,159,142,586,609,659,771,784,796,856,894,1171,1047,608,557,518,447,388,318,194,115,..
Refugee population by country or territory of origin,SM.POP.REFG.OR,Armenia,ARM,1,1,195003,200116,201842,201442,203231,203690,193150,193231,5786,7207,13249,13162,13424,13965,14918,15436,16336,18000,17547,16487,15935,11998,11848,11214,10687,..
Refugee population by country or territory of origin,SM.POP.REFG.OR,Aruba,ABW,..,..,..,..,..,..,..,..,..,..,..,..,..,..,..,..,..,..,..,..,..,..,..,..,..,..,..,..
Refugee population by country or territory of origin,SM.POP.REFG.OR,Australia,AUS,..,..,..,..,2,1,1,2,1,3,3,1,10,15,13,44,29,63,43,28,37,39,48,28,25,20,..,..
Refugee population by country or territory of origin,SM.POP.REFG.OR,Austria,AUT,..,..,..,..,60,49,52,55,60,48,35,29,72,66,47,66,34,23,14,12,10,11,12,10,10,4,..,..
Refugee population by country or territory of origin,SM.POP.REFG.OR,Azerbaijan,AZE,..,..,300000,328005,299095,200520,236086,234950,329657,311131,284277,268759,260214,253255,250583,233675,126068,15916,16319,16939,16753,16162,15537,10814,10515,9710,10087,..
Refugee population by country or territory of origin,SM.POP.REFG.OR,"Bahamas, The",BHS,..,..,..,..,..,..,..,..,1,1,1,..,1,1,1,1,14,14,15,15,17,185,196,210,215,215,293,..
Refugee population by country or territory of origin,SM.POP.REFG.OR,Bahrain,BHR,39,52,53,60,75,71,63,82,97,129,95,46,50,52,52,41,62,73,80,79,87,215,297,275,347,421,446,..
Refugee population by country or territory of origin,SM.POP.REFG.OR,Bangladesh,BGD,477,611,53921,57158,56199,56956,57959,44373,4658,4468,5401,5548,5808,5565,5731,7304,7803,10243,10098,10432,10049,10056,10161,9728,10883,12173,13810,..
Refugee population by country or territory of origin,SM.POP.REFG.OR,Barbados,BRB,..,..,..,..,4,3,2,3,5,4,8,7,9,11,7,8,27,38,34,29,32,45,55,67,86,99,144,..
Refugee population by country or territory of origin,SM.POP.REFG.OR,Belarus,BLR,..,..,..,2,37,84,501,303,290,1507,2519,3696,6364,7815,8244,8857,9371,4970,5384,5525,5743,5925,6191,4397,4300,4125,3824,..
Refugee population by country or territory of origin,SM.POP.REFG.OR,Belgium,BEL,..,..,..,..,2,3,5,10,14,16,19,13,27,40,45,95,64,60,61,71,83,90,93,78,75,65,44,..
Refugee population by country or territory of origin,SM.POP.REFG.OR,Belize,BLZ,..,..,..,..,8,8,3,..,..,11,12,..,1,10,9,8,18,17,20,17,23,32,39,40,45,51,53,..
Refugee population by country or territory of origin,SM.POP.REFG.OR,Benin,BEN,2,4,4,68,77,54,46,46,56,52,54,55,232,282,309,411,215,271,318,411,442,461,457,302,340,412,464,..
Refugee population by country or territory of origin,SM.POP.REFG.OR,Bermuda,BMU,..,..,..,..,..,..,..,..,1,1,1,1,1,..,..,2,..,..,..,..,..,..,..,..,..,..,..,..
Refugee population by country or territory of origin,SM.POP.REFG.OR,Bhutan,BTN,..,9504,75442,85334,103271,104750,106822,108703,105689,107619,108945,110845,112523,103978,105255,106537,108073,110598,104965,89070,75070,57989,41590,31567,23642,17720,11732,..
Refugee population by country or territory of origin,SM.POP.REFG.OR,Bolivia,BOL,731,67,28,41,177,180,177,161,183,174,175,156,219,264,285,269,374,428,454,573,590,611,618,601,600,571,515,..
Refugee population by country or territory of origin,SM.POP.REFG.OR,Bosnia and Herzegovina,BIH,..,..,437501,618427,776084,769753,993868,849241,640075,598193,504981,447321,406448,300006,228831,109930,199946,78273,74366,70018,63004,58578,51822,26790,21888,18769,18179,..
Refugee population by country or territory of origin,SM.POP.REFG.OR,Botswana,BWA,3,3,3,4,21,25,23,17,16,10,3,2,5,5,6,4,12,16,26,30,53,85,127,168,237,308,265,..
Refugee population by country or territory of origin,SM.POP.REFG.OR,Brazil,BRA,14,11,11,12,41,53,85,104,136,196,224,254,441,378,403,370,707,1624,1404,973,994,1045,1076,985,977,895,793,..
Refugee population by country or territory of origin,SM.POP.REFG.OR,British Virgin Islands,VGB,..,..,..,..,..,..,..,..,..,..,..,..,..,..,..,..,..,..,..,..,..,..,..,..,..,..,..,..
Refugee population by country or territory of origin,SM.POP.REFG.OR,Brunei Darussalam,BRN,..,..,..,..,..,3,..,..,..,..,..,..,2,1,1,49,2,2,1,1,1,1,1,1,1,..,..,..
Refugee population by country or territory of origin,SM.POP.REFG.OR,Bulgaria,BGR,1922,2735,2981,3155,4689,4156,3246,3048,3122,2653,2404,2121,2841,2567,2215,4254,3438,3311,3040,2745,2559,2327,2147,1880,1648,1269,794,..
Refugee population by country or territory of origin,SM.POP.REFG.OR,Burkina Faso,BFA,2,8,61,63,67,63,72,118,103,106,130,98,978,853,583,607,376,558,725,990,1145,1271,1460,1584,1857,2148,2327,..
Refugee population by country or territory of origin,SM.POP.REFG.OR,Burundi,BDI,191622,223946,184135,871382,389706,350582,428680,519123,502568,527449,568084,553999,574557,531637,485773,438706,396541,375727,281592,94239,84064,101288,73363,72647,72493,292764,408036,..
Refugee population by country or territory of origin,SM.POP.REFG.OR,Cabo Verde,CPV,..,..,1,1,1,1,2,2,1,2,2,4,8,9,8,5,40,32,30,24,25,27,25,28,27,28,..,..
Refugee population by country or territory of origin,SM.POP.REFG.OR,Cambodia,KHM,54364,43168,28851,9753,8538,61225,62244,103246,76576,38320,36855,34759,33456,31407,18121,17806,17965,17704,17253,17025,16314,15205,14024,13747,13071,12803,12408,..
Refugee population by country or territory of origin,SM.POP.REFG.OR,Cameroon,CMR,100,1,83,173,238,2017,2109,2258,1348,1654,2062,2724,5225,6206,7629,9101,10384,11508,13870,14766,14963,15163,13382,11427,10766,10586,10328,..
Refugee population by country or territory of origin,SM.POP.REFG.OR,Canada,CAN,..,4,4,4,4,4,8,11,15,18,26,4,51,60,56,122,95,530,101,99,90,109,123,99,95,80,76,..
Refugee population by country or territory of origin,SM.POP.REFG.OR,Cayman Islands,CYM,..,..,..,..,..,..,..,..,..,..,..,..,..,..,..,..,..,..,..,..,1,1,1,6,6,6,6,..
Refugee population by country or territory of origin,SM.POP.REFG.OR,Central African Republic,CAF,100,320,325,313,266,242,240,149,173,196,139,28704,25376,35400,31069,42890,71685,98104,125106,159554,164905,162862,164568,252867,412041,471105,490869,..
Refugee population by country or territory of origin,SM.POP.REFG.OR,Chad,TCD,184806,72319,66381,212932,211971,59727,58445,55025,61298,58797,54962,46294,47349,52275,52663,48400,36300,55722,55105,55014,53733,42640,39694,48640,48258,14940,14146,..
Refugee population by country or territory of origin,SM.POP.REFG.OR,Channel Islands,CHI,..,..,..,..,..,..,..,..,..,..,..,..,..,..,..,..,..,..,..,..,..,..,..,..,..,..,..,..
Refugee population by country or territory of origin,SM.POP.REFG.OR,Chile,CHL,14548,14007,14043,15267,15474,14273,12805,9776,7011,1543,860,834,1709,1555,1194,938,805,970,994,1312,1170,1189,1152,596,579,561,490,..
Refugee population by country or territory of origin,SM.POP.REFG.OR,China,CHN,1426,2011,82576,111509,113907,104693,105810,106738,109402,111952,110975,117409,132115,132406,134724,124101,140598,149095,175180,180558,184602,190369,193453,195133,210802,212912,207733,..
Refugee population by country or territory of origin,SM.POP.REFG.OR,Colombia,COL,494,740,843,1042,1363,1902,2168,2377,3538,4413,9279,17938,30625,37995,47381,60450,72796,551744,373532,389753,395577,395949,394117,396717,360298,340127,311051,..
Refugee population by country or territory of origin,SM.POP.REFG.OR,Comoros,COM,4,2,2,2,5,10,13,10,33,31,28,26,43,58,50,61,72,96,378,268,368,422,454,513,581,551,557,..
Refugee population by country or territory of origin,SM.POP.REFG.OR,"Congo, Dem. Rep.",COD,67423,65816,81269,74826,73286,89738,158794,173995,158833,255950,371713,392146,421362,453465,462208,430929,401914,370374,367995,455852,476693,491481,509290,499563,516771,541496,537429,..
Refugee population by country or territory of origin,SM.POP.REFG.OR,"Congo, Rep.",COG,2,4,7,11,32,177,221,21147,17143,27302,27579,24237,28002,28958,28152,24438,20609,19735,19925,20544,20679,12839,12119,11753,14500,14781,13231,..
Refugee population by country or territory of origin,SM.POP.REFG.OR,Costa Rica,CRI,..,1,5,5,223,211,139,90,54,76,57,86,98,92,138,178,284,361,354,344,352,331,325,463,417,379,197,..
Refugee population by country or territory of origin,SM.POP.REFG.OR,Cote d'Ivoire,CIV,2,13,34,41,98,201,268,360,537,562,773,858,23741,33637,23655,18338,26315,22232,22227,23153,41758,154824,100720,85652,71966,71115,46741,..
Refugee population by country or territory of origin,SM.POP.REFG.OR,Croatia,HRV,..,..,168571,151688,76256,245572,310088,349307,338089,353725,335199,290279,274818,230189,215475,119148,93767,100423,97012,76478,65861,62649,62606,49756,40122,33451,26211,..
Refugee population by country or territory of origin,SM.POP.REFG.OR,Cuba,CUB,13523,17615,21273,22406,23316,24854,25462,24913,23559,23328,20084,18959,18043,16093,15659,19000,33580,7503,7938,7549,7477,7856,7731,7460,7502,6833,5925,..
Refugee population by country or territory of origin,SM.POP.REFG.OR,Curacao,CUW,..,..,..,..,..,..,..,..,..,..,..,..,..,..,..,..,..,..,..,..,..,..,..,35,35,35,35,..
Refugee population by country or territory of origin,SM.POP.REFG.OR,Cyprus,CYP,11,..,..,..,6,9,10,8,11,16,11,5,7,5,2,5,5,9,10,11,13,11,11,10,10,4,..,..
Refugee population by country or territory of origin,SM.POP.REFG.OR,Czech Republic,CZE,6123,4491,3327,5015,4648,2039,977,698,1934,1243,810,1179,6984,6702,4542,3589,2138,1384,1358,1067,817,763,622,991,1327,1285,1266,..
Refugee population by country or territory of origin,SM.POP.REFG.OR,Denmark,DNK,..,..,..,..,11,18,34,33,28,25,25,3,8,10,10,12,12,14,11,10,9,9,9,10,12,9,..,..
Refugee population by country or territory of origin,SM.POP.REFG.OR,Djibouti,DJI,5,10,11,38,18068,18095,18101,8142,3219,1879,1910,452,471,522,495,504,486,648,650,622,566,602,640,762,879,1069,1417,..
Refugee population by country or territory of origin,SM.POP.REFG.OR,Dominica,DMA,..,..,..,..,..,..,1,1,1,3,2,5,6,17,25,30,49,58,56,53,52,52,54,43,38,38,20,..
Refugee population by country or territory of origin,SM.POP.REFG.OR,Dominican Republic,DOM,..,..,..,1,29,30,29,47,42,45,47,46,83,92,97,67,150,358,318,230,246,250,289,306,349,382,344,..
Refugee population by country or territory of origin,SM.POP.REFG.OR,Ecuador,ECU,3,27,40,47,174,206,221,217,512,496,671,653,822,730,727,775,887,1332,1066,1027,852,909,844,707,804,1009,1021,..
Refugee population by country or territory of origin,SM.POP.REFG.OR,"Egypt, Arab Rep.",EGY,48,97,209,258,502,872,1202,1722,2612,3491,3953,4678,6443,5735,5376,6291,7613,6799,6780,6990,6913,7936,10020,12810,15903,17926,19742,..
Refugee population by country or territory of origin,SM.POP.REFG.OR,El Salvador,SLV,30019,33049,30855,26124,30735,23535,19639,17126,12591,12410,7756,7150,6632,5658,4497,4281,6388,6022,5151,5051,4976,6720,8171,9635,10965,14778,19595,..
Refugee population by country or territory of origin,SM.POP.REFG.OR,Equatorial Guinea,GNQ,..,60,114,214,342,343,397,473,420,429,509,529,552,591,552,477,461,407,384,344,305,258,228,200,174,154,126,..
Refugee population by country or territory of origin,SM.POP.REFG.OR,Eritrea,ERI,43,500633,503200,427213,422433,286712,332225,319077,346781,347138,376851,333229,318176,124121,131131,144066,193745,208748,186398,209168,222460,251954,285371,308236,363092,407449,459390,..
Refugee population by country or territory of origin,SM.POP.REFG.OR,Estonia,EST,..,2,59,95,297,351,1310,1266,792,633,455,479,1060,1027,855,743,626,262,248,248,240,224,456,352,339,318,298,..
Refugee population by country or territory of origin,SM.POP.REFG.OR,Ethiopia,ETH,1345928,251241,313129,251828,226436,100987,96270,84401,70680,71055,66410,58997,61240,62677,63150,65461,74026,59858,63878,62889,68848,70610,74968,77122,86870,85839,83894,..
Refugee population by country or territory of origin,SM.POP.REFG.OR,Faroe Islands,FRO,..,..,..,..,..,..,..,..,..,..,..,..,..,..,..,..,..,..,..,..,..,..,..,..,..,..,..,..
Refugee population by country or territory of origin,SM.POP.REFG.OR,Fiji,FJI,1,1,19,89,156,222,305,326,301,328,401,731,1072,1087,1281,1379,1685,1828,1868,1892,1851,1579,1317,1112,924,883,791,..
Refugee population by country or territory of origin,SM.POP.REFG.OR,Finland,FIN,..,..,..,..,..,1,1,2,6,6,5,2,9,7,3,5,6,4,4,6,6,7,7,7,7,8,..,..
Refugee population by country or territory of origin,SM.POP.REFG.OR,France,FRA,..,..,..,..,20,15,44,61,64,63,78,44,90,110,110,286,82,101,101,87,92,99,100,98,93,94,45,..
Refugee population by country or territory of origin,SM.POP.REFG.OR,French Polynesia,PYF,..,..,..,..,..,..,..,..,..,..,..,..,..,..,..,1,1,..,..,..,..,..,..,..,..,..,..,..
Refugee population by country or territory of origin,SM.POP.REFG.OR,Gabon,GAB,..,..,17,18,22,25,24,19,28,26,26,27,37,39,53,81,95,116,129,144,165,173,183,176,172,177,152,..
Refugee population by country or territory of origin,SM.POP.REFG.OR,"Gambia, The",GMB,4,15,24,26,30,161,310,421,570,677,750,734,861,746,684,1683,1254,1267,1352,1973,2242,2583,3076,3397,5136,8492,11569,..
Refugee population by country or territory of origin,SM.POP.REFG.OR,Georgia,GEO,..,..,..,6012,5117,308,48489,47164,35669,29878,21821,17498,16975,12497,6633,7301,6340,11810,12598,15020,10640,10112,9261,6778,6681,6493,6365,..
Refugee population by country or territory of origin,SM.POP.REFG.OR,Germany,DEU,..,4,4,8,449,386,420,443,688,1298,1183,1033,928,725,78,78,114,129,166,170,164,174,182,175,176,161,67,..
Refugee population by country or territory of origin,SM.POP.REFG.OR,Ghana,GHA,4691,4701,4776,4473,14289,13592,15095,14775,13633,13293,14775,14556,15686,15879,14767,18433,9960,5063,13242,14893,20203,20361,24298,21078,22145,22978,15507,..
Refugee population by country or territory of origin,SM.POP.REFG.OR,Gibraltar,GIB,..,..,..,..,..,..,..,..,..,..,..,..,..,..,..,..,..,1,1,1,2,2,2,2,2,2,..,..
Refugee population by country or territory of origin,SM.POP.REFG.OR,Greece,GRC,16,6,1,1,94,222,250,178,174,164,125,97,301,270,224,331,91,92,67,62,51,56,51,91,113,112,101,..
Refugee population by country or territory of origin,SM.POP.REFG.OR,Greenland,GRL,..,..,..,..,..,..,..,..,..,..,..,..,..,..,..,..,..,..,..,..,..,..,..,..,..,..,..,..
Refugee population by country or territory of origin,SM.POP.REFG.OR,Grenada,GRD,4,4,1,..,3,6,11,12,20,36,24,53,73,77,99,152,202,297,312,333,345,323,316,330,324,270,100,..
Refugee population by country or territory of origin,SM.POP.REFG.OR,Guam,GUM,..,..,..,..,..,..,..,..,..,..,..,..,..,..,..,..,..,..,..,..,..,..,..,..,..,..,..,..
Refugee population by country or territory of origin,SM.POP.REFG.OR,Guatemala,GTM,47988,52587,53941,50267,49610,42899,40342,37508,32747,28082,20711,16867,13888,6696,4376,3379,6496,6161,5934,5768,5679,6088,6388,6615,7483,10284,12534,..
Refugee population by country or territory of origin,SM.POP.REFG.OR,Guinea,GIN,..,2,19,31,106,441,523,648,924,1151,1497,2019,3418,3871,4782,5820,6840,8278,9495,10920,11985,13161,14061,14561,15252,17005,17526,..
Refugee population by country or territory of origin,SM.POP.REFG.OR,Guinea-Bissau,GNB,5003,5006,5008,5011,5015,830,856,868,8887,3185,886,927,986,975,1018,1050,1004,1028,1065,1109,1127,1123,1180,1223,1307,1471,1635,..
Refugee population by country or territory of origin,SM.POP.REFG.OR,Guyana,GUY,2,1,2,4,71,62,55,38,41,49,36,36,49,78,194,406,537,677,708,727,749,771,801,800,700,511,269,..
Refugee population by country or territory of origin,SM.POP.REFG.OR,Haiti,HTI,2092,1858,2486,3866,9803,13925,15118,15481,13538,8766,7561,7248,7718,7547,9208,13542,20837,22280,23066,24116,25892,33661,38568,38659,37162,34774,29661,..
Refugee population by country or territory of origin,SM.POP.REFG.OR,Honduras,HND,18,21,41,448,1214,1219,1259,1246,1101,1070,903,781,673,604,484,535,1035,1236,1116,1166,1302,1966,2613,3300,4159,6851,10479,..
Refugee population by country or territory of origin,SM.POP.REFG.OR,"Hong Kong SAR, China",HKG,..,..,2,2,261,205,105,50,42,20,13,7,5,9,8,..,10,11,11,12,17,15,19,25,25,33,5,..
Refugee population by country or territory of origin,SM.POP.REFG.OR,Hungary,HUN,5767,4733,3993,5016,4471,2348,3083,2669,1242,800,518,953,3517,3395,2749,3519,3118,3386,1614,1537,1438,1238,1087,1220,1267,1443,2904,..
Refugee population by country or territory of origin,SM.POP.REFG.OR,Iceland,ISL,..,..,..,..,..,..,4,5,5,5,5,..,13,12,10,7,31,7,7,4,4,3,3,2,1,..,..,..
Refugee population by country or territory of origin,SM.POP.REFG.OR,India,IND,198,408,1019,1492,3263,5011,7550,8924,9663,9845,11399,11571,14349,13706,13345,16285,17811,20466,19569,19514,17769,16232,14258,11041,10436,9881,7243,..
Refugee population by country or territory of origin,SM.POP.REFG.OR,Indonesia,IDN,7169,6164,6829,7924,8726,9836,11365,8799,9053,9020,9149,8970,9906,16240,27919,34384,34728,20558,19345,18213,16892,16079,15523,14786,14408,13956,13046,..
Refugee population by country or territory of origin,SM.POP.REFG.OR,"Iran, Islamic Rep.",IRN,75889,130366,128781,115523,121287,112364,104129,93993,89979,86855,88278,92491,138364,122530,115162,99428,102483,68397,69061,72774,68791,72361,75940,75070,82191,84950,94042,..
Refugee population by country or territory of origin,SM.POP.REFG.OR,Iraq,IRQ,1133805,1321853,1343824,771077,749834,718719,714730,707338,675030,642886,526179,530511,422512,368580,311884,262299,1450905,2309245,1903519,1785212,1683579,1428308,746206,401466,369954,264094,315998,..
Refugee population by country or territory of origin,SM.POP.REFG.OR,Ireland,IRL,..,..,..,..,3,2,2,1,..,..,3,3,7,6,3,21,4,10,7,7,8,8,9,9,10,9,..,..
Refugee population by country or territory of origin,SM.POP.REFG.OR,Isle of Man,IMN,..,..,..,..,..,..,..,..,..,..,..,..,..,..,..,..,..,..,..,..,..,..,..,..,..,..,..,..
Refugee population by country or territory of origin,SM.POP.REFG.OR,Israel,ISR,16,28,40,118,887,937,1126,987,835,478,416,363,564,625,672,632,882,1541,1494,1310,1301,1335,1340,1041,979,802,467,..
Refugee population by country or territory of origin,SM.POP.REFG.OR,Italy,ITA,..,..,1,3,146,121,112,112,79,52,48,34,224,207,192,217,105,90,62,45,50,58,66,66,67,70,44,..
Refugee population by country or territory of origin,SM.POP.REFG.OR,Jamaica,JAM,..,..,..,3,7,10,18,21,27,33,37,37,147,259,350,489,660,766,826,909,1057,1250,1407,1503,1692,1868,1988,..
Refugee population by country or territory of origin,SM.POP.REFG.OR,Japan,JPN,..,..,..,..,7,3,2,2,3,3,5,5,19,19,21,13,168,521,185,150,152,176,172,157,262,145,53,..
Refugee population by country or territory of origin,SM.POP.REFG.OR,Jordan,JOR,55,112,183,242,443,513,708,719,899,973,919,775,1287,1162,1169,1789,1604,1787,1890,2129,2254,2250,2368,1632,1718,1841,1889,..
Refugee population by country or territory of origin,SM.POP.REFG.OR,Kazakhstan,KAZ,..,..,1,2,27,139,40163,40774,20459,9057,2537,2803,6315,6559,6121,4316,7376,5235,4825,3744,3632,3500,3571,2123,2224,2267,2326,..
Refugee population by country or territory of origin,SM.POP.REFG.OR,Kenya,KEN,10,33,63,85,8774,9327,9390,9570,6046,6138,2373,2559,3098,3163,3847,4640,5356,7546,9688,9620,8602,8745,8950,8586,8553,7906,7506,..
Refugee population by country or territory of origin,SM.POP.REFG.OR,Kiribati,KIR,..,..,..,..,..,..,..,..,..,..,..,..,3,16,32,33,41,38,38,33,33,33,33,20,3,2,..,..
Refugee population by country or territory of origin,SM.POP.REFG.OR,"Korea, Dem. People’s Rep.",PRK,..,..,..,..,3,7,11,1,9,13,13,19,259,304,343,288,397,605,886,881,917,1052,1132,1167,1282,1101,1409,..
Refugee population by country or territory of origin,SM.POP.REFG.OR,"Korea, Rep.",KOR,..,5,5,7,17,30,42,48,65,75,73,83,245,237,272,268,1335,1188,1104,573,585,514,558,500,481,353,243,..
Refugee population by country or territory of origin,SM.POP.REFG.OR,Kosovo,XKX,..,..,..,..,..,..,..,..,..,..,..,..,..,..,..,..,..,..,..,..,..,..,..,..,..,..,..,..
Refugee population by country or territory of origin,SM.POP.REFG.OR,Kuwait,KWT,44,47,74,89,756,762,854,825,830,992,692,701,709,616,398,381,617,746,854,938,988,1120,1197,977,981,1085,1008,..
Refugee population by country or territory of origin,SM.POP.REFG.OR,Kyrgyz Republic,KGZ,..,..,..,1,14,22,17118,16320,7449,4003,748,685,2950,3141,3292,3122,2488,2254,2517,2612,2744,3162,3489,2301,2451,2502,2546,..
Refugee population by country or territory of origin,SM.POP.REFG.OR,Lao PDR,LAO,135633,122326,96157,74501,54896,58193,46909,37367,29017,21396,16094,12631,11235,10363,16114,24442,26447,10013,8598,8398,8414,8088,7984,7745,7482,7363,7224,..
Refugee population by country or territory of origin,SM.POP.REFG.OR,Latvia,LVA,..,..,4,4,93,160,1958,1915,1013,907,491,619,3082,3177,2826,2430,1424,662,763,791,713,709,662,233,213,193,165,..
Refugee population by country or territory of origin,SM.POP.REFG.OR,Lebanon,LBN,6993,8501,10257,10635,15654,13515,10890,10235,9786,7685,10215,8763,26320,24932,19866,18323,12252,13094,12967,16260,15869,15013,15106,3819,4273,4369,4709,..
Refugee population by country or territory of origin,SM.POP.REFG.OR,Lesotho,LSO,4,4,..,55,..,..,2,3,3,3,4,1,4,6,7,6,9,7,8,10,11,11,13,15,17,17,5,..
Refugee population by country or territory of origin,SM.POP.REFG.OR,Liberia,LBR,735689,673435,520915,704051,797835,744637,784008,493340,365398,294694,266930,244608,275422,353344,335467,231139,160548,91540,75213,71599,70129,66780,23428,17558,13572,9991,6513,..
Refugee population by country or territory of origin,SM.POP.REFG.OR,Libya,LBY,581,840,686,597,672,624,281,274,433,568,619,888,1456,1570,1720,1575,1573,1954,2084,2202,2309,4384,5251,3314,4203,6090,8796,..
Refugee population by country or territory of origin,SM.POP.REFG.OR,Liechtenstein,LIE,..,..,..,..,..,..,..,..,..,..,..,..,..,..,..,..,..,..,..,..,..,..,..,..,..,..,..,..
Refugee population by country or territory of origin,SM.POP.REFG.OR,Lithuania,LTU,4,4,8,11,63,109,662,649,282,258,163,216,1371,1541,1482,1448,942,466,490,501,515,528,491,220,183,144,64,..
Refugee population by country or territory of origin,SM.POP.REFG.OR,Luxembourg,LUX,..,..,..,..,..,..,..,..,..,..,..,..,..,..,1,1,2,2,..,..,..,..,..,1,2,2,..,..
Refugee population by country or territory of origin,SM.POP.REFG.OR,"Macao SAR, China",MAC,..,..,..,..,..,..,1,1,1,1,6,8,15,15,20,9,9,9,9,9,10,10,1,1,5,5,..,..
Refugee population by country or territory of origin,SM.POP.REFG.OR,"Macedonia, FYR",MKD,..,..,..,1897,347,12883,13041,12747,1939,2089,2176,12197,8107,5982,5106,8600,7940,8077,7521,7926,7889,7684,7589,1628,1759,1777,1705,..
Refugee population by country or territory of origin,SM.POP.REFG.OR,Madagascar,MDG,..,1,1,1,3,79,79,76,66,54,54,40,53,88,135,203,260,284,277,274,270,289,301,296,281,286,277,..
Refugee population by country or territory of origin,SM.POP.REFG.OR,Malawi,MWI,53,50,50,44,60,37,39,34,28,34,33,25,48,59,94,101,113,97,106,130,171,222,277,326,361,426,407,..
Refugee population by country or territory of origin,SM.POP.REFG.OR,Malaysia,MYS,..,3,4,4,82,79,103,87,90,86,82,79,119,239,292,394,584,615,608,532,552,537,531,485,468,439,443,..
Refugee population by country or territory of origin,SM.POP.REFG.OR,Maldives,MDV,1,1,..,..,..,..,1,1,2,3,4,3,3,1,3,13,17,17,16,16,19,21,24,31,36,42,48,..
Refugee population by country or territory of origin,SM.POP.REFG.OR,Mali,MLI,1,14704,71189,98572,172905,77219,55198,18015,3702,387,364,311,531,461,483,520,594,4494,1758,2926,3663,4295,149943,152828,139267,154213,156390,..
Refugee population by country or territory of origin,SM.POP.REFG.OR,Malta,MLT,1,1,1,..,7,13,18,14,17,22,16,7,8,7,3,5,28,9,9,9,6,6,6,6,5,1,..,..
Refugee population by country or territory of origin,SM.POP.REFG.OR,Marshall Islands,MHL,..,..,..,..,..,..,..,..,..,..,..,..,..,..,..,..,..,..,..,..,..,..,2,3,3,3,..,..
Refugee population by country or territory of origin,SM.POP.REFG.OR,Mauritania,MRT,65999,79881,79594,67894,68043,84312,83234,70294,70224,29948,29752,29862,30137,30525,31131,31651,33428,33108,45601,39143,37733,39929,33765,34252,34113,34660,36228,..
Refugee population by country or territory of origin,SM.POP.REFG.OR,Mauritius,MUS,..,..,..,..,1,13,13,3,15,8,35,35,43,61,19,27,80,71,24,23,28,42,62,81,94,103,101,..
Refugee population by country or territory of origin,SM.POP.REFG.OR,Mexico,MEX,..,..,..,..,248,361,520,665,1016,1359,1291,1594,1670,1652,1744,2313,3304,5572,6162,6435,6816,7472,8435,9390,10666,11333,10367,..
Refugee population by country or territory of origin,SM.POP.REFG.OR,"Micronesia, Fed. Sts.",FSM,..,..,..,..,..,..,..,..,..,..,..,..,..,..,..,..,..,..,..,..,..,..,..,..,..,..,..,..
Refugee population by country or territory of origin,SM.POP.REFG.OR,Moldova,MDA,..,..,..,6,458,529,5829,5141,2754,2407,2657,3737,10130,11146,11937,12064,11680,4918,5555,5925,6200,6264,6148,2207,2233,2289,2291,..
Refugee population by country or territory of origin,SM.POP.REFG.OR,Monaco,MCO,..,..,..,..,..,..,1,1,1,1,1,..,1,1,..,..,..,..,..,1,2,4,4,3,3,3,..,..
Refugee population by country or territory of origin,SM.POP.REFG.OR,Mongolia,MNG,1,1,1,1,4,4,7,9,19,25,23,60,280,324,442,654,868,1101,1333,1495,1724,1985,2114,2059,2163,2199,2267,..
Refugee population by country or territory of origin,SM.POP.REFG.OR,Montenegro,MNE,..,..,..,..,..,..,..,..,..,..,..,..,..,..,..,..,135,557,1283,2582,3246,3698,4054,546,607,651,708,..
Refugee population by country or territory of origin,SM.POP.REFG.OR,Morocco,MAR,15,44,91,105,180,301,297,310,353,377,392,363,1269,1291,1319,2920,4710,4039,3533,2286,2284,2312,2407,1308,1539,1786,2230,..
Refugee population by country or territory of origin,SM.POP.REFG.OR,Mozambique,MOZ,1247992,1316636,1445474,1172550,234497,125562,34657,33652,59,35,30,46,130,111,104,104,231,222,208,136,131,155,160,56,58,57,33,..
Refugee population by country or territory of origin,SM.POP.REFG.OR,Myanmar,MMR,28,40053,245130,281574,204510,152298,143017,135772,133407,131663,137128,145856,148501,151384,161013,164864,202826,191313,184413,406669,415670,414626,415371,479606,479006,451805,490265,..
Refugee population by country or territory of origin,SM.POP.REFG.OR,Namibia,NAM,532,204,15,133,65,13,12,2,1902,701,2308,2297,1302,1293,1314,1226,1203,1128,985,921,1017,1073,1098,1143,1253,1277,1348,..
Refugee population by country or territory of origin,SM.POP.REFG.OR,Nauru,NRU,..,..,..,..,..,..,..,..,..,3,3,..,..,3,..,..,3,3,3,..,..,..,..,..,..,..,..,..
Refugee population by country or territory of origin,SM.POP.REFG.OR,Nepal,NPL,..,..,1,1,4,27,44,52,101,186,235,306,902,1231,1416,2065,2647,3364,4189,5108,5889,6854,7612,8110,8563,9063,8350,..
Refugee population by country or territory of origin,SM.POP.REFG.OR,Netherlands,NLD,..,..,..,..,75,85,96,77,57,29,15,4,30,44,48,159,39,43,46,44,53,64,71,64,68,69,27,..
Refugee population by country or territory of origin,SM.POP.REFG.OR,New Caledonia,NCL,..,..,..,..,..,..,..,..,..,..,..,..,..,..,..,..,..,..,..,..,..,..,..,..,..,..,..,..
Refugee population by country or territory of origin,SM.POP.REFG.OR,New Zealand,NZL,..,..,..,..,..,..,..,..,..,..,..,..,2,1,3,4,8,13,10,10,15,18,20,17,17,19,25,..
Refugee population by country or territory of origin,SM.POP.REFG.OR,Nicaragua,NIC,52618,46789,44275,33052,28591,23938,22820,22494,21389,20573,5071,4399,4050,3983,1822,1463,1828,1900,1537,1478,1431,1468,1531,1538,1587,1476,1409,..
Refugee population by country or territory of origin,SM.POP.REFG.OR,Niger,NER,..,2,22008,22307,22024,10291,10361,2788,423,514,493,483,834,728,689,655,818,827,796,822,803,819,832,683,739,1390,1210,..
Refugee population by country or territory of origin,SM.POP.REFG.OR,Nigeria,NGA,16,23,76,100,592,1939,4754,3059,3999,4441,5742,6084,24572,24428,23892,22128,13253,13904,14169,15609,15642,17141,18021,31176,90947,167989,229261,..
Refugee population by country or territory of origin,SM.POP.REFG.OR,Northern Mariana Islands,MNP,..,..,..,..,..,..,..,..,..,..,..,..,..,..,..,..,..,..,..,..,..,..,..,..,..,..,..,..
Refugee population by country or territory of origin,SM.POP.REFG.OR,Norway,NOR,..,..,..,..,2,1,1,3,4,4,4,3,5,6,5,15,4,3,4,4,7,7,9,13,13,12,..,..
Refugee population by country or territory of origin,SM.POP.REFG.OR,Oman,OMN,..,..,..,..,3,10,10,10,11,11,5,5,19,11,18,12,39,43,56,64,63,60,65,26,29,37,20,..
Refugee population by country or territory of origin,SM.POP.REFG.OR,Pakistan,PAK,486,525,1086,1422,4430,5277,7502,5985,6864,8015,10133,12324,23163,24389,25949,29913,25639,31858,32403,35132,39982,35952,49785,48686,335961,297899,105376,..
Refugee population by country or territory of origin,SM.POP.REFG.OR,Palau,PLW,..,..,..,..,..,..,..,..,..,..,..,..,..,..,..,..,..,1,1,..,..,..,..,1,1,2,..,..
Refugee population by country or territory of origin,SM.POP.REFG.OR,Panama,PAN,629,640,652,677,486,160,149,122,85,72,67,37,44,30,40,42,75,109,111,105,100,100,107,105,89,69,33,..
Refugee population by country or territory of origin,SM.POP.REFG.OR,Papua New Guinea,PNG,..,..,..,..,..,2000,2008,808,220,9,8,8,16,18,18,23,31,36,46,70,89,128,174,221,288,339,391,..
Refugee population by country or territory of origin,SM.POP.REFG.OR,Paraguay,PRY,19,8,9,14,63,51,44,20,21,18,19,8,31,32,37,44,105,102,101,77,86,91,101,95,94,91,63,..
Refugee population by country or territory of origin,SM.POP.REFG.OR,Peru,PER,256,475,727,1970,4332,5904,6696,6610,7066,7206,6944,6502,6430,5581,4769,4865,6985,7743,7339,6271,5834,5491,5212,4768,4343,3599,2589,..
Refugee population by country or territory of origin,SM.POP.REFG.OR,Philippines,PHL,10,15,46,113,436,516,598,525,45598,45520,45482,45467,45608,412,434,465,886,1552,1354,993,970,952,986,724,670,593,421,..
Refugee population by country or territory of origin,SM.POP.REFG.OR,Poland,POL,25632,21643,14518,13390,35938,19732,12869,7294,1880,1245,865,3191,16712,15211,10677,19641,13513,2915,2391,2059,1764,1815,1640,1429,1310,1297,1144,..
Refugee population by country or territory of origin,SM.POP.REFG.OR,Portugal,PRT,..,..,..,..,25,25,217,213,18,15,23,17,62,55,47,74,25,32,36,31,30,28,32,32,31,28,5,..
Refugee population by country or territory of origin,SM.POP.REFG.OR,Puerto Rico,PRI,..,..,..,..,12,12,12,..,..,..,..,..,..,..,..,..,..,..,..,..,..,..,..,..,..,..,..,..
Refugee population by country or territory of origin,SM.POP.REFG.OR,Qatar,QAT,..,..,..,..,49,30,18,19,23,8,1,..,8,13,10,11,52,62,71,68,112,95,124,17,21,20,20,..
Refugee population by country or territory of origin,SM.POP.REFG.OR,Romania,ROU,51282,27177,25118,23572,22278,16978,11871,8951,10921,8558,7348,6052,8847,8387,5916,11502,7234,5306,4756,4358,3934,3428,2807,2330,1918,1735,1190,..
Refugee population by country or territory of origin,SM.POP.REFG.OR,Russian Federation,RUS,117736,155576,213802,243312,251393,207034,173723,198063,172730,28314,40310,45156,91626,96420,107975,103037,159381,93224,103061,109455,111948,109785,110588,74316,70562,67020,62737,..
Refugee population by country or territory of origin,SM.POP.REFG.OR,Rwanda,RWA,361322,431240,434736,450462,2257573,1819366,469136,68003,77743,88944,119056,84513,75257,75263,63812,100264,92966,80964,72530,129109,115524,106833,97373,83955,79408,286366,286033,..
Refugee population by country or territory of origin,SM.POP.REFG.OR,Samoa,WSM,..,..,..,..,1,..,..,1,1,1,1,1,..,..,..,..,3,2,4,..,1,1,1,1,1,1,..,..
Refugee population by country or territory of origin,SM.POP.REFG.OR,San Marino,SMR,..,..,..,..,..,..,..,2,4,4,4,..,3,1,1,1,2,2,1,1,2,1,1,1,1,1,..,..
Refugee population by country or territory of origin,SM.POP.REFG.OR,Sao Tome and Principe,STP,1,1,1,1,30,36,49,43,42,30,25,23,39,42,39,24,32,33,35,33,33,33,32,31,22,22,26,..
Refugee population by country or territory of origin,SM.POP.REFG.OR,Saudi Arabia,SAU,..,..,..,7,183,260,242,358,362,233,77,35,109,236,214,151,617,753,712,633,667,745,818,584,630,701,897,..
Refugee population by country or territory of origin,SM.POP.REFG.OR,Senegal,SEN,60006,25138,15466,22601,25622,17592,17631,17163,9716,11606,11088,8559,12069,8351,8332,8671,15163,15896,16006,16305,16267,17722,18724,19822,23118,21280,23019,..
Refugee population by country or territory of origin,SM.POP.REFG.OR,Serbia,SRB,1745,45823,90081,58253,54976,86120,103967,106654,115292,172509,146748,144231,327587,296632,236999,189989,174027,165643,185935,195626,183289,161671,158908,48725,45733,38628,36898,..
Refugee population by country or territory of origin,SM.POP.REFG.OR,Seychelles,SYC,60,69,54,28,553,339,138,33,39,29,23,13,44,38,44,40,61,55,53,49,49,42,29,26,25,20,5,..
Refugee population by country or territory of origin,SM.POP.REFG.OR,Sierra Leone,SLE,9,142614,253592,311183,275302,379495,375104,329327,406077,490061,402807,179113,141475,70580,41802,40477,42863,32127,32536,15417,11275,8002,6202,5311,4993,4904,4628,..
Refugee population by country or territory of origin,SM.POP.REFG.OR,Singapore,SGP,..,..,1,1,9,9,19,22,23,25,22,16,39,35,36,39,111,116,109,80,76,67,68,65,59,55,33,..
Refugee population by country or territory of origin,SM.POP.REFG.OR,Sint Maarten (Dutch part),SXM,..,..,..,..,..,..,..,..,..,..,..,..,..,..,..,..,..,..,..,..,..,..,..,..,..,..,..,..
Refugee population by country or territory of origin,SM.POP.REFG.OR,Slovak Republic,SVK,..,..,..,..,12,26,57,70,143,178,220,191,595,667,619,791,741,342,331,334,158,269,239,323,319,326,792,..
Refugee population by country or territory of origin,SM.POP.REFG.OR,Slovenia,SVN,..,..,..,28429,14829,12860,3368,3414,3302,3295,3284,765,858,610,582,155,1760,52,52,39,38,32,34,28,26,23,15,..
Refugee population by country or territory of origin,SM.POP.REFG.OR,Solomon Islands,SLB,..,..,..,..,..,34,34,34,34,34,34,42,54,60,61,27,38,48,52,66,75,72,61,61,70,71,66,..
Refugee population by country or territory of origin,SM.POP.REFG.OR,Somalia,SOM,470174,732594,812195,574617,631426,638698,636985,608094,557959,524613,475655,440134,432316,402336,389314,395553,464038,457356,561155,678309,770154,1077048,1136719,1121770,1106434,1123156,1012277,..
Refugee population by country or territory of origin,SM.POP.REFG.OR,South Africa,ZAF,14783,11206,9241,9094,1514,488,290,244,188,193,168,123,275,288,272,268,510,474,453,384,380,429,420,423,424,450,427,..
Refugee population by country or territory of origin,SM.POP.REFG.OR,South Sudan,SSD,..,..,..,..,..,..,..,..,..,..,..,..,..,..,..,..,..,..,..,..,..,1,87009,114470,616211,778718,1436667,..
Refugee population by country or territory of origin,SM.POP.REFG.OR,Spain,ESP,..,..,..,..,42,36,218,215,60,53,80,48,58,53,49,49,2444,41,27,34,42,43,52,56,60,59,29,..
Refugee population by country or territory of origin,SM.POP.REFG.OR,Sri Lanka,LKA,208271,209349,128115,91845,114456,107589,109578,122287,114976,116709,124160,122420,133239,122010,114050,108139,116966,134952,137752,145721,141074,136617,132731,123084,122010,121443,117447,..
Refugee population by country or territory of origin,SM.POP.REFG.OR,St. Kitts and Nevis,KNA,..,..,..,..,..,..,..,..,..,..,..,..,2,1,1,31,2,2,4,4,7,9,12,15,23,28,44,..
Refugee population by country or territory of origin,SM.POP.REFG.OR,St. Lucia,LCA,..,..,..,..,..,2,2,3,5,9,11,9,10,16,34,99,163,227,288,314,334,433,566,710,922,1011,993,..
Refugee population by country or territory of origin,SM.POP.REFG.OR,St. Martin (French part),MAF,..,..,..,..,..,..,..,..,..,..,..,..,..,..,..,..,..,..,..,..,..,..,..,..,..,..,..,..
Refugee population by country or territory of origin,SM.POP.REFG.OR,St. Vincent and the Grenadines,VCT,..,..,..,..,7,7,13,13,24,36,48,67,81,105,181,279,387,646,750,849,946,1127,1316,1535,1736,1823,1330,..
Refugee population by country or territory of origin,SM.POP.REFG.OR,Sudan,SDN,523998,196242,267767,393871,405135,445280,475305,364589,390013,485460,494363,489950,508877,606242,730650,693632,686311,523032,419248,368195,387288,500014,568943,648942,665967,627087,650588,..
Refugee population by country or territory of origin,SM.POP.REFG.OR,Suriname,SUR,6620,5921,2545,893,915,817,754,663,491,411,334,237,103,70,51,29,66,63,50,45,25,20,15,17,17,19,16,..
Refugee population by country or territory of origin,SM.POP.REFG.OR,Swaziland,SWZ,..,..,..,1,13,15,17,20,30,28,16,15,19,5,14,13,22,25,32,32,36,43,65,109,161,220,219,..
Refugee population by country or territory of origin,SM.POP.REFG.OR,Sweden,SWE,..,..,..,..,11,25,38,40,41,31,18,5,28,32,29,75,16,16,15,19,25,24,20,16,18,16,8,..
Refugee population by country or territory of origin,SM.POP.REFG.OR,Switzerland,CHE,..,..,..,..,8,27,33,55,77,91,70,61,56,35,12,16,36,31,32,18,19,20,17,15,19,17,..,..
Refugee population by country or territory of origin,SM.POP.REFG.OR,Syrian Arab Republic,SYR,2148,3037,4408,5404,7087,7994,8609,8653,8126,6695,5871,4869,18913,20819,21439,16401,12337,13690,15211,17914,18452,19931,729022,2468332,3887491,4873243,5524333,..
Refugee population by country or territory of origin,SM.POP.REFG.OR,Tajikistan,TJK,..,..,60008,70108,57144,58956,107503,75878,56349,45167,59940,56108,63267,58936,56780,54753,645,894,544,562,577,612,674,662,725,794,910,..
Refugee population by country or territory of origin,SM.POP.REFG.OR,Tanzania,TZA,8,11,20,32,62,68,65,66,102,118,313,378,580,711,985,1549,1667,1255,1270,1204,1144,1163,1122,1040,858,820,554,..
Refugee population by country or territory of origin,SM.POP.REFG.OR,Thailand,THA,20,30,35,36,137,211,284,272,295,318,217,94,344,296,319,424,3325,2325,1815,502,356,368,381,222,233,222,143,..
Refugee population by country or territory of origin,SM.POP.REFG.OR,Timor-Leste,TLS,..,..,..,..,..,..,..,..,..,162472,122202,73042,28097,127,221,251,251,6,7,7,8,8,9,10,13,20,14,..
Refugee population by country or territory of origin,SM.POP.REFG.OR,Togo,TGO,6,18,106,291060,167871,93155,25593,7187,3506,3692,4016,4354,10448,10614,10819,51107,27332,22502,16750,18378,18330,17871,15693,10319,9276,8785,8286,..
Refugee population by country or territory of origin,SM.POP.REFG.OR,Tonga,TON,..,..,..,..,..,..,3,3,2,2,3,1,8,12,5,4,6,5,7,5,6,10,13,18,22,24,25,..
Refugee population by country or territory of origin,SM.POP.REFG.OR,Trinidad and Tobago,TTO,1,1,1,1,13,14,16,21,26,25,24,16,35,38,41,63,153,211,231,240,255,297,333,336,371,369,295,..
Refugee population by country or territory of origin,SM.POP.REFG.OR,Tunisia,TUN,42,63,86,104,212,333,406,698,932,1240,1207,1368,2543,2563,2518,3129,2845,2507,2349,2260,2174,1952,1935,1363,1485,1567,1667,..
Refugee population by country or territory of origin,SM.POP.REFG.OR,Turkey,TUR,5508,6452,10089,16768,28873,44866,50354,47341,45019,44012,47155,47090,193704,185098,174574,170567,227232,221939,214378,146387,146794,139779,135372,66575,63892,59558,57885,..
Refugee population by country or territory of origin,SM.POP.REFG.OR,Turkmenistan,TKM,..,..,..,..,7,47,2937,3181,1562,1051,300,310,801,840,812,820,692,678,736,743,738,726,723,519,484,455,346,..
Refugee population by country or territory of origin,SM.POP.REFG.OR,Turks and Caicos Islands,TCA,..,..,..,..,..,..,..,..,..,..,..,..,..,..,..,..,1,1,1,1,1,14,14,15,15,14,14,..
Refugee population by country or territory of origin,SM.POP.REFG.OR,Tuvalu,TUV,..,..,..,..,..,3,3,3,3,3,3,3,3,3,3,..,3,2,2,..,..,1,1,2,2,2,..,..
Refugee population by country or territory of origin,SM.POP.REFG.OR,Uganda,UGA,58820,39386,32456,33415,31450,24166,28339,55241,13301,13937,32414,40141,40425,35247,31963,34225,21752,21341,7548,7554,6441,5680,5608,8176,7191,6316,6189,..
Refugee population by country or territory of origin,SM.POP.REFG.OR,Ukraine,UKR,..,..,38,134,915,1701,6107,6348,4596,12236,19312,26716,85265,94148,89579,84228,63723,25985,28424,24522,25111,25379,25256,5163,237625,321418,239048,..
Refugee population by country or territory of origin,SM.POP.REFG.OR,United Arab Emirates,ARE,..,..,..,..,..,..,..,4,7,7,15,18,31,20,71,30,265,308,256,414,424,486,584,90,90,99,103,..
Refugee population by country or territory of origin,SM.POP.REFG.OR,United Kingdom,GBR,1,1,1,2,108,77,73,79,92,106,113,109,164,149,144,135,174,201,185,156,153,150,153,142,141,131,78,..
Refugee population by country or territory of origin,SM.POP.REFG.OR,United States,USA,1,8,10,12,366,245,143,75,51,41,176,219,383,395,451,683,1356,2174,2137,2368,3026,3778,4456,4760,4987,4832,277,..
Refugee population by country or territory of origin,SM.POP.REFG.OR,Uruguay,URY,842,601,429,162,362,262,201,89,74,39,51,46,61,57,81,111,163,197,199,188,186,184,171,147,124,91,13,..
Refugee population by country or territory of origin,SM.POP.REFG.OR,Uzbekistan,UZB,..,..,..,2,29060,143,69747,69069,51729,45533,3628,3458,6881,7391,7288,8323,9102,5663,6308,6669,8840,12664,11593,4952,4795,4206,3809,..
Refugee population by country or territory of origin,SM.POP.REFG.OR,Vanuatu,VUT,..,..,..,..,..,..,..,..,..,..,..,..,..,..,..,..,..,..,..,..,1,1,1,1,1,1,..,..
Refugee population by country or territory of origin,SM.POP.REFG.OR,"Venezuela, RB",VEN,..,1,4,135,371,476,557,608,570,556,471,466,526,598,1256,2590,3829,5094,5807,6221,6701,7577,8208,8395,8009,7454,7513,..
Refugee population by country or territory of origin,SM.POP.REFG.OR,Vietnam,VNM,496029,498323,517111,527627,539101,543541,518340,476795,435437,405377,370758,353224,373741,363179,349780,358268,374279,327776,328183,339289,338698,337829,336939,314107,313418,313155,329331,..
Refugee population by country or territory of origin,SM.POP.REFG.OR,Virgin Islands (U.S.),VIR,..,..,..,..,..,..,..,..,..,..,..,..,..,..,..,..,..,..,..,..,..,..,..,..,..,..,..,..
Refugee population by country or territory of origin,SM.POP.REFG.OR,West Bank and Gaza,PSE,8521,65177,95343,81474,82564,72768,80215,76821,77524,100602,110640,349161,428782,350568,350617,349673,334142,341237,340016,95201,93323,94150,94918,96044,97212,98018,97749,..
Refugee population by country or territory of origin,SM.POP.REFG.OR,"Yemen, Rep.",YEM,8,73,31,39,150,369,1154,1721,1935,2022,2113,1985,1600,1597,1606,1325,1362,1632,1777,1934,2076,2323,2594,2428,2631,15897,18396,..
Refugee population by country or territory of origin,SM.POP.REFG.OR,Zambia,ZMB,1,1,1990,1574,16,20,40,63,77,87,98,62,92,100,124,151,203,196,195,206,228,240,243,232,316,344,246,..
Refugee population by country or territory of origin,SM.POP.REFG.OR,Zimbabwe,ZWE,4,128,9,17,42,36,34,38,42,43,109,257,4030,7162,9568,11251,12782,14374,16841,22449,24089,25048,22101,19734,22492,21344,18116,..
Refugee population by country or territory of origin,SM.POP.REFG.OR,Arab World,ARB,2212498,2408680,2614885,1906599,2001784,2005056,2035564,1864336,1806135,1817001,1672735,1873008,1896002,1831115,1880608,1797793,3023683,3722824,3328247,3029306,3034372,3205416,3359110,4804384,6200005,7077207,7702745,..
Refugee population by country or territory of origin,SM.POP.REFG.OR,Caribbean small states,CSS,6627,5927,2549,901,1028,929,875,776,643,620,538,471,522,688,1006,1608,2297,3041,3320,3563,3872,4576,5155,5655,6222,6358,5622,..
Refugee population by country or territory of origin,SM.POP.REFG.OR,Central Europe and the Baltics,CEB,90730,60785,218579,230375,163574,304331,349489,379281,362720,373495,351757,306045,320685,273473,247938,167220,128701,118509,112055,90157,78037,73982,72791,58762,48672,41484,34843,..
Refugee population by country or territory of origin,SM.POP.REFG.OR,Early-demographic dividend,EAR,2159801,1269446,1706039,1643715,3439223,2825115,1584135,1117615,1023072,979109,970362,1167107,1481931,1325164,1307351,1360701,1399244,1318057,1300876,1265484,1259426,1246423,1957421,3653593,5372367,6515406,7007577,..
Refugee population by country or territory of origin,SM.POP.REFG.OR,East Asia & Pacific,EAS,694681,712100,976767,1013141,930793,933113,891211,870911,839599,926669,849553,792516,785154,708212,711496,728234,806637,726549,742468,977491,988066,989763,990937,1032025,1045206,1018526,1066336,..
Refugee population by country or territory of origin,SM.POP.REFG.OR,East Asia & Pacific (excluding high income),EAP,694681,712095,976759,1013131,930497,932862,891041,870786,839464,926542,849431,792396,784817,707880,711122,727807,804964,724625,740995,976628,987173,988923,990050,1031230,1044330,1017894,1065977,..
Refugee population by country or territory of origin,SM.POP.REFG.OR,East Asia & Pacific (IDA & IBRD countries),TEA,694681,712095,976759,1013131,930494,932855,891030,870785,839455,926529,849418,792377,784558,707576,710779,727519,804567,724021,740110,975747,986256,987871,988918,1030064,1043049,1016795,1064568,..
Refugee population by country or territory of origin,SM.POP.REFG.OR,Euro area,EMU,32,17,78,28551,16223,14473,8800,8703,6780,7053,6254,3606,8789,8617,7216,6959,8536,2429,2494,2502,2272,2417,2574,1859,1807,1690,1696,..
Refugee population by country or territory of origin,SM.POP.REFG.OR,Europe & Central Asia,ECS,217570,272188,1529462,1778178,1875046,1895785,2429552,2303118,2048277,1882131,1505321,1402154,1833432,1638730,1467649,1195146,1167145,796241,814014,738923,708335,670596,652981,340265,548091,604649,506692,..
Refugee population by country or territory of origin,SM.POP.REFG.OR,Europe & Central Asia (excluding high income),ECA,180016,241304,1507546,1726204,1813631,1857056,2403654,2283549,2036204,1871542,1496648,1393050,1797150,1604556,1442254,1161173,1139583,785852,805904,731547,701821,664143,646839,334563,542168,598739,499596,..
Refugee population by country or territory of origin,SM.POP.REFG.OR,Europe & Central Asia (IDA & IBRD countries),TEC,205648,262947,1522064,1739594,1849569,1876788,2416523,2290843,2038084,1872787,1497513,1396241,1813862,1619767,1452931,1180814,1153096,788767,808295,733606,703585,665958,648479,335992,543478,600036,500740,..
Refugee population by country or territory of origin,SM.POP.REFG.OR,European Union,EUU,90759,60797,218587,230389,164633,305418,351079,380822,364129,375439,353554,307498,322708,275259,248973,168834,131946,119385,112876,90931,78832,74820,73665,59633,49570,42326,35291,..
Refugee population by country or territory of origin,SM.POP.REFG.OR,Fragile and conflict affected situations,FCS,10920158,11692148,10465961,9666958,7607366,6971939,7035332,6586373,6413949,6524775,7435656,7599480,6380325,5775781,6026973,5569082,6688490,8251558,7501821,7435705,7665730,7598898,7834132,9426718,11563862,12968500,14270292,..
Refugee population by country or territory of origin,SM.POP.REFG.OR,Heavily indebted poor countries (HIPC),HPC,11718367,11131022,9715002,9404615,9204934,8084004,6803655,5976490,5785370,5885135,6925266,6804592,5578968,5094361,5379960,5022784,4931689,5608025,5273912,5390666,5709872,5893051,6008109,6117562,6369827,6953723,6850296,..
Refugee population by country or territory of origin,SM.POP.REFG.OR,High income,HIC,53106,45707,36633,67732,80459,56215,41724,32002,21615,14299,11283,11543,40418,38247,29096,37675,34493,20065,16910,16087,15919,17240,18047,15874,16495,16114,12185,..
Refugee population by country or territory of origin,SM.POP.REFG.OR,IBRD only,IBD,2661855,2942694,4096180,3738825,3842892,3777197,4140530,4012787,3818771,3638716,3229450,3167729,3555469,3123241,2784881,2454310,3726489,4631165,4074901,3892477,3747854,3451429,2646586,1945492,2111774,2058630,2001242,..
Refugee population by country or territory of origin,SM.POP.REFG.OR,IDA & IBRD total,IBT,14572680,14293150,14376351,13728999,13600902,12399214,11612831,10623098,10102253,10116310,10676792,10447927,9634364,8684751,8639438,7965843,9120803,10681900,9786487,9941595,10119981,9993365,10095568,11322340,14004683,15702456,16750699,..
Refugee population by country or territory of origin,SM.POP.REFG.OR,IDA blend,IDB,623,719,1327,1818,43641,21465,101630,117115,90215,258125,176603,128628,133672,113536,119290,123351,110796,111909,121581,133859,142520,137899,146673,143457,495758,532728,395033,..
Refugee population by country or territory of origin,SM.POP.REFG.OR,IDA only,IDX,11910202,11349737,10278844,9988356,9714369,8600552,7370671,6493196,6193267,6219469,7270739,7151570,5945223,5447974,5735267,5388182,5283518,5938826,5590005,5915259,6229607,6404037,7302309,9233391,11397151,13111098,14354424,..
Refugee population by country or territory of origin,SM.POP.REFG.OR,IDA total,IDA,11910825,11350456,10280171,9990174,9758010,8622017,7472301,6610311,6283482,6477594,7447342,7280198,6078895,5561510,5854557,5511533,5394314,6050735,5711586,6049118,6372127,6541936,7448982,9376848,11892909,13643826,14749457,..
Refugee population by country or territory of origin,SM.POP.REFG.OR,Late-demographic dividend,LTE,927032,987566,1596696,1637977,1679742,1540518,1638091,1621576,1582679,1422034,1153102,1145064,1483651,1427636,1348941,1305885,1284306,1544584,1426559,1490209,1478897,1452763,1445043,1225306,1196760,1166131,1138128,..
Refugee population by country or territory of origin,SM.POP.REFG.OR,Latin America & Caribbean,LCN,170755,174622,172324,156535,168121,155710,149535,140589,126018,111628,83389,85154,95056,91109,96000,117676,163820,624949,446951,462809,470692,484067,491274,496581,462803,448164,420384,..
Refugee population by country or territory of origin,SM.POP.REFG.OR,Latin America & Caribbean (excluding high income),LAC,155364,160013,157851,141105,152256,141146,136499,130699,118899,110014,82444,84247,93234,89441,94662,116511,162636,623491,445447,460992,468993,482111,489295,495105,461296,446690,418973,..
Refugee population by country or territory of origin,SM.POP.REFG.OR,Latin America & the Caribbean (IDA & IBRD countries),TLA,157232,157007,151051,134129,144789,130841,124059,115673,102453,88295,63296,66188,77003,75004,80333,98667,130198,617393,438963,455215,463164,475966,483277,488788,454944,440962,413967,..
Refugee population by country or territory of origin,SM.POP.REFG.OR,Least developed countries: UN classification,LDC,12258482,11676810,10465792,10198656,9888437,8741225,7447627,6621123,6404067,6644001,7738576,7612940,6279401,5640594,5841885,5490792,5435099,6077017,5704276,5993761,6277231,6329582,6458388,6659971,7415362,8143447,8760534,..
Refugee population by country or territory of origin,SM.POP.REFG.OR,Low & middle income,LMY,14553641,14339621,14463922,13804031,13654445,12462223,11692490,10707619,10194313,10237370,10805705,10811962,10062880,9034811,8994006,8313967,9474206,11026869,10131428,10041346,10218237,10092855,10195967,11424412,14108193,15805984,16853714,..
Refugee population by country or territory of origin,SM.POP.REFG.OR,Low income,LIC,11070208,10803428,9316414,8903050,8687049,7513040,6203112,5479113,5269791,5305175,6350011,6237530,4967369,4376540,4552355,4237947,4156499,5007220,4757670,4934227,5213810,5177787,5366898,5441437,6191534,6972967,7529271,..
Refugee population by country or territory of origin,SM.POP.REFG.OR,Lower middle income,LMC,2047467,1794114,2293143,2404830,2391751,2366921,2567059,2408437,2309044,2494961,2284608,2486740,2700387,2523844,2516174,2483497,2437191,2155884,2053752,1956058,1978570,2172875,2777159,4561189,6562519,7625248,8106901,..
Refugee population by country or territory of origin,SM.POP.REFG.OR,Middle East & North Africa,MEA,1228229,1530356,1584149,985856,1019356,950070,945300,916343,878737,864304,761647,1005897,1063565,915116,845300,776961,1943227,2779179,2372429,2017484,1908927,1661705,1696515,3075024,4476085,5377506,6097604,..
Refugee population by country or territory of origin,SM.POP.REFG.OR,Middle East & North Africa (excluding high income),MNA,1228129,1530228,1583981,985582,1017396,947987,942969,914044,876555,862424,760330,1004722,1062067,913536,843862,775698,1940665,2775644,2368897,2013969,1905279,1657643,1692084,3072008,4473003,5374340,6094643,..
Refugee population by country or territory of origin,SM.POP.REFG.OR,Middle East & North Africa (IDA & IBRD countries),TMN,1219608,1465051,1488638,904108,934832,875219,862754,837223,799031,761822,649690,655561,633285,562968,493245,426025,1606523,2434407,2028881,1918768,1811956,1563493,1597166,2975964,4375791,5276322,5996894,..
Refugee population by country or territory of origin,SM.POP.REFG.OR,Middle income,MIC,3483433,3536193,5147508,4900981,4967396,4949183,5489378,5228506,4924522,4932195,4455694,4574432,5095511,4658271,4441651,4076020,5317707,6019649,5373758,5107119,5004427,4915068,4829069,5982975,7916659,8833017,9324443,..
Refugee population by country or territory of origin,SM.POP.REFG.OR,North America,NAC,1,12,14,16,370,249,151,86,67,60,203,224,435,455,507,807,1451,2704,2238,2467,3116,3887,4579,4859,5082,4912,353,..
Refugee population by country or territory of origin,SM.POP.REFG.OR,Not classified,INX,..,..,..,..,..,..,..,..,..,..,..,..,..,..,..,..,..,..,..,..,..,..,..,..,..,..,..,..
Refugee population by country or territory of origin,SM.POP.REFG.OR,OECD members,OED,57612,51384,46099,84139,107222,99329,90223,77815,65789,57839,58497,59075,233247,222273,202907,208094,261817,244413,234210,165527,165960,160310,157302,88624,87700,83454,76915,..
Refugee population by country or territory of origin,SM.POP.REFG.OR,Other small states,OSS,5668,14934,80805,91021,127871,125133,128203,120156,121845,277949,238263,189512,146188,109614,110716,112864,114115,116533,111849,97678,84833,68789,53788,40690,35108,33107,30691,..
Refugee population by country or territory of origin,SM.POP.REFG.OR,Pacific island small states,PSS,1,1,19,89,157,259,345,367,341,371,445,778,1140,1181,1382,1443,1779,1927,1975,1996,1967,1697,1429,1219,1027,989,882,..
Refugee population by country or territory of origin,SM.POP.REFG.OR,Post-demographic dividend,PST,27358,29607,637722,834323,907038,1065080,1349297,1242395,1018178,999453,891464,794068,809362,665684,571305,356950,418226,231332,224287,194145,177433,170924,164432,104553,322893,395315,299611,..
Refugee population by country or territory of origin,SM.POP.REFG.OR,Pre-demographic dividend,PRE,11492555,12098708,10560097,9755747,7708869,7087684,7162634,6757984,6591945,6851025,7802019,7717233,6328289,5654496,5795433,5328009,6406821,7952849,7196506,7107495,7318294,7239862,6646988,6456672,7232510,7745085,8420438,..
Refugee population by country or territory of origin,SM.POP.REFG.OR,Small states,SST,12296,20862,83373,92011,129056,126321,129423,121299,122829,278940,239246,190761,147850,111483,113104,115915,118191,121501,117144,103237,90672,75062,60372,47564,42357,40454,37195,..
Refugee population by country or territory of origin,SM.POP.REFG.OR,South Asia,SAS,6548528,6526699,4811737,3611828,3012792,2958743,2963692,2966999,2909068,2848536,3847613,4072784,2800281,2406923,2680150,2436405,2386475,3369159,3142120,3192116,3344561,2928157,2842313,2788749,3107801,3134526,2765416,..
Refugee population by country or territory of origin,SM.POP.REFG.OR,South Asia (IDA & IBRD),TSA,6548528,6526699,4811737,3611828,3012792,2958743,2963692,2966999,2909068,2848536,3847613,4072784,2800281,2406923,2680150,2436405,2386475,3369159,3142120,3192116,3344561,2928157,2842313,2788749,3107801,3134526,2765416,..
Refugee population by country or territory of origin,SM.POP.REFG.OR,Sub-Saharan Africa,SSF,5746983,5169351,5426102,6326209,6728426,5624768,4354773,3541575,3414162,3618341,3769262,3464776,3525375,3312513,3222000,3096413,3039944,2748153,2628118,2666143,2810459,3371920,3535415,3702783,4479620,5233815,6009114,..
Refugee population by country or territory of origin,SM.POP.REFG.OR,Sub-Saharan Africa (excluding high income),SSA,5746923,5169282,5426048,6326181,6727873,5624429,4354635,3541542,3414123,3618312,3769239,3464763,3525331,3312475,3221956,3096373,3039883,2748098,2628065,2666094,2810410,3371878,3535386,3702757,4479595,5233795,6009109,..
Refugee population by country or territory of origin,SM.POP.REFG.OR,Sub-Saharan Africa (IDA & IBRD countries),TSS,5746983,5169351,5426102,6326209,6728426,5624768,4354773,3541575,3414162,3618341,3769262,3464776,3525375,3312513,3222000,3096413,3039944,2748153,2628118,2666143,2810459,3371920,3535415,3702783,4479620,5233815,6009114,..
Refugee population by country or territory of origin,SM.POP.REFG.OR,Upper middle income,UMC,1435966,1742079,2854365,2496151,2575645,2582262,2922319,2820069,2615478,2437234,2171086,2087692,2395124,2134427,1925477,1592523,2880516,3863765,3320006,3151061,3025857,2742193,2051910,1421786,1354140,1207769,1217542,..
Refugee population by country or territory of origin,SM.POP.REFG.OR,World,WLD,19805688,19414923,20023531,18718993,18325596,17418028,16102005,14934398,14552205,14863846,15451236,15643310,14265347,13437842,13530667,12863676,14326136,15953753,15161622,15163210,15516350,15202527,15417874,16729328,19535060,21377887,22523968,..
,,,,,,,,,,,,,,,,,,,,,,,,,,,,,,,
,,,,,,,,,,,,,,,,,,,,,,,,,,,,,,,
,,,,,,,,,,,,,,,,,,,,,,,,,,,,,,,
Data from database: World Development Indicators,,,,,,,,,,,,,,,,,,,,,,,,,,,,,,,
Last Updated: 02/16/2018,,,,,,,,,,,,,,,,,,,,,,,,,,,,,,,
